project_id,status_date,state_id
SIM-00000,2015-06-22,1
SIM-00000,2015-09-23,2
SIM-00000,2016-07-16,3
SIM-00000,2016-11-10,4
SIM-00001,2015-06-23,1
SIM-00001,2016-01-21,2
SIM-00001,2016-11-03,3
SIM-00001,2017-10-14,4
SIM-00002,2015-07-02,1
SIM-00002,2015-10-19,2
SIM-00002,2015-12-31,3
SIM-00002,2016-11-13,4
SIM-00003,2015-07-03,1
SIM-00003,2016-10-15,2
SIM-00003,2017-02-07,3
SIM-00003,2018-05-24,4
SIM-00004,2015-08-07,1
SIM-00004,2016-05-22,2
SIM-00004,2016-09-16,3
SIM-00004,2017-03-12,4
SIM-00005,2015-08-25,1
SIM-00005,2016-03-09,2
SIM-00005,2016-05-31,3
SIM-00005,2017-11-19,4
SIM-00006,2015-09-11,1
SIM-00006,2016-07-18,2
SIM-00006,2017-01-22,3
SIM-00006,2018-02-09,4
SIM-00007,2015-10-20,1
SIM-00007,2016-09-23,2
SIM-00007,2017-04-07,3
SIM-00007,2017-07-18,4
SIM-00008,2015-10-22,1
SIM-00008,2016-03-01,2
SIM-00008,2017-04-14,3
SIM-00008,2018-12-20,4
SIM-00009,2015-10-28,1
SIM-00009,2016-06-25,2
SIM-00009,2017-03-10,3
SIM-00009,2017-11-21,4
SIM-00010,2015-11-03,1
SIM-00010,2016-05-07,2
SIM-00010,2016-07-09,3
SIM-00010,2017-10-12,4
SIM-00011,2015-11-13,1
SIM-00011,2016-04-16,2
SIM-00011,2016-12-17,3
SIM-00011,2018-03-11,4
SIM-00012,2015-12-01,1
SIM-00012,2016-05-10,3
SIM-00012,2017-08-10,4
SIM-00013,2015-12-07,1
SIM-00013,2016-10-01,2
SIM-00013,2017-06-09,3
SIM-00013,2018-02-05,4
SIM-00014,2015-12-16,1
SIM-00014,2016-02-18,2
SIM-00014,2016-04-29,3
SIM-00014,2016-10-10,4
SIM-00015,2015-12-29,1
SIM-00015,2016-06-10,2
SIM-00015,2016-08-24,3
SIM-00015,2017-01-29,4
SIM-00016,2015-12-29,1
SIM-00016,2016-02-16,2
SIM-00016,2016-08-23,3
SIM-00016,2016-12-04,4
SIM-00017,2016-01-13,1
SIM-00017,2016-09-22,0
SIM-00018,2016-01-29,1
SIM-00018,2016-07-27,2
SIM-00018,2017-01-24,3
SIM-00018,2019-03-04,4
SIM-00019,2016-02-24,1
SIM-00019,2017-08-15,2
SIM-00019,2017-11-20,3
SIM-00019,2018-07-26,4
SIM-00020,2016-03-16,1
SIM-00020,2016-09-14,2
SIM-00020,2016-11-23,3
SIM-00020,2018-06-15,4
SIM-00021,2016-03-16,1
SIM-00022,2016-05-12,1
SIM-00022,2017-02-22,0
SIM-00023,2016-05-26,1
SIM-00023,2017-02-09,2
SIM-00023,2017-06-05,3
SIM-00023,2018-03-30,4
SIM-00024,2016-07-17,1
SIM-00024,2017-01-24,2
SIM-00024,2017-03-02,3
SIM-00024,2018-01-13,4
SIM-00025,2016-07-29,1
SIM-00025,2017-09-11,2
SIM-00025,2017-11-10,3
SIM-00025,2018-05-20,4
SIM-00026,2016-09-21,1
SIM-00026,2017-10-01,2
SIM-00026,2018-07-24,3
SIM-00026,2019-05-15,4
SIM-00027,2016-09-21,1
SIM-00027,2017-07-10,2
SIM-00027,2018-01-06,3
SIM-00027,2019-01-09,4
SIM-00028,2016-09-21,1
SIM-00028,2018-01-27,2
SIM-00028,2018-05-24,3
SIM-00028,2019-08-08,4
SIM-00029,2016-09-21,1
SIM-00029,2016-12-08,2
SIM-00029,2018-02-26,3
SIM-00029,2018-12-13,4
SIM-00030,2016-11-01,1
SIM-00030,2017-01-27,2
SIM-00030,2017-10-01,3
SIM-00030,2018-08-25,4
SIM-00031,2016-11-10,1
SIM-00031,2018-04-15,3
SIM-00031,2019-09-02,4
SIM-00032,2016-11-14,1
SIM-00032,2017-03-04,2
SIM-00032,2017-05-22,3
SIM-00032,2019-01-09,4
SIM-00033,2016-11-14,1
SIM-00033,2017-04-11,2
SIM-00033,2018-02-14,3
SIM-00034,2016-12-14,1
SIM-00034,2017-06-24,2
SIM-00034,2017-11-06,3
SIM-00034,2018-11-13,4
SIM-00035,2017-01-23,1
SIM-00035,2017-10-02,2
SIM-00035,2019-02-14,3
SIM-00035,2019-11-09,4
SIM-00036,2017-02-17,1
SIM-00036,2017-11-11,2
SIM-00036,2018-02-09,3
SIM-00036,2018-04-06,4
SIM-00037,2017-03-03,1
SIM-00037,2017-07-24,2
SIM-00037,2018-06-21,3
SIM-00037,2018-09-07,4
SIM-00038,2017-03-15,1
SIM-00038,2017-05-28,2
SIM-00038,2018-09-30,3
SIM-00038,2019-02-08,4
SIM-00039,2017-03-16,1
SIM-00039,2018-11-26,2
SIM-00039,2019-04-08,3
SIM-00039,2020-06-23,4
SIM-00040,2017-03-16,1
SIM-00040,2017-05-23,0
SIM-00041,2017-03-20,1
SIM-00041,2017-11-28,3
SIM-00041,2019-02-24,4
SIM-00042,2017-04-10,1
SIM-00042,2018-01-09,2
SIM-00042,2018-06-18,3
SIM-00042,2019-08-01,4
SIM-00043,2017-04-13,1
SIM-00043,2019-04-29,2
SIM-00043,2019-11-24,3
SIM-00043,2020-04-10,4
SIM-00044,2017-04-24,1
SIM-00044,2018-02-16,3
SIM-00044,2019-10-10,4
SIM-00045,2017-05-10,1
SIM-00045,2017-10-07,2
SIM-00045,2018-03-22,3
SIM-00045,2019-01-22,4
SIM-00046,2017-05-11,1
SIM-00046,2018-11-02,2
SIM-00046,2019-03-16,3
SIM-00046,2020-04-23,4
SIM-00047,2017-05-22,1
SIM-00047,2018-02-16,2
SIM-00047,2018-03-31,3
SIM-00047,2018-12-15,4
SIM-00048,2017-05-31,1
SIM-00048,2017-11-14,2
SIM-00048,2018-07-10,3
SIM-00048,2020-06-04,4
SIM-00049,2017-06-05,1
SIM-00049,2018-03-23,2
SIM-00049,2018-07-29,3
SIM-00050,2017-06-05,1
SIM-00050,2018-07-20,2
SIM-00050,2019-04-16,3
SIM-00050,2020-03-27,4
SIM-00051,2017-06-06,1
SIM-00051,2019-03-18,3
SIM-00052,2017-06-09,1
SIM-00052,2017-12-30,2
SIM-00052,2018-04-16,3
SIM-00052,2019-09-01,4
SIM-00053,2017-06-13,1
SIM-00053,2018-01-19,2
SIM-00053,2018-04-23,3
SIM-00053,2018-11-11,4
SIM-00054,2017-06-13,1
SIM-00054,2017-07-11,2
SIM-00054,2017-12-26,3
SIM-00054,2020-05-28,4
SIM-00055,2017-06-13,1
SIM-00055,2018-04-30,2
SIM-00055,2019-06-09,3
SIM-00055,2021-01-01,4
SIM-00056,2017-06-27,1
SIM-00056,2018-08-31,2
SIM-00056,2019-03-07,3
SIM-00056,2019-08-24,4
SIM-00057,2017-06-30,1
SIM-00057,2018-04-06,2
SIM-00057,2018-06-12,3
SIM-00057,2020-09-11,4
SIM-00058,2017-06-30,1
SIM-00058,2018-03-05,2
SIM-00058,2018-08-13,3
SIM-00058,2020-03-11,4
SIM-00059,2017-07-12,1
SIM-00059,2019-10-25,3
SIM-00060,2017-07-20,1
SIM-00060,2019-02-20,2
SIM-00060,2019-08-11,3
SIM-00060,2019-11-09,4
SIM-00061,2017-07-27,1
SIM-00061,2017-11-19,2
SIM-00061,2018-07-06,3
SIM-00061,2019-06-13,4
SIM-00062,2017-08-02,1
SIM-00062,2017-12-08,2
SIM-00062,2018-08-31,3
SIM-00062,2019-12-14,4
SIM-00063,2017-09-14,1
SIM-00063,2018-05-19,2
SIM-00063,2018-09-14,3
SIM-00063,2019-06-13,4
SIM-00064,2017-09-21,1
SIM-00064,2017-10-28,0
SIM-00065,2017-09-27,1
SIM-00065,2017-10-24,2
SIM-00065,2018-07-16,3
SIM-00065,2019-07-29,4
SIM-00066,2017-09-28,1
SIM-00066,2018-04-20,2
SIM-00066,2018-09-15,3
SIM-00066,2019-09-01,4
SIM-00067,2017-10-10,1
SIM-00067,2017-12-11,2
SIM-00067,2018-04-12,3
SIM-00067,2020-10-31,4
SIM-00068,2017-10-10,1
SIM-00068,2018-01-11,3
SIM-00068,2018-11-07,4
SIM-00069,2017-10-11,1
SIM-00069,2018-02-23,2
SIM-00069,2018-04-30,3
SIM-00069,2019-07-14,4
SIM-00070,2017-11-01,1
SIM-00070,2018-08-04,2
SIM-00070,2018-12-05,3
SIM-00071,2017-11-08,1
SIM-00071,2018-04-24,2
SIM-00071,2018-11-19,3
SIM-00071,2020-01-11,4
SIM-00072,2017-12-08,1
SIM-00072,2018-07-21,3
SIM-00072,2020-05-07,4
SIM-00073,2017-12-11,1
SIM-00073,2018-07-10,2
SIM-00073,2018-09-30,3
SIM-00074,2017-12-11,1
SIM-00074,2018-03-08,2
SIM-00074,2018-07-14,3
SIM-00074,2020-05-11,4
SIM-00075,2017-12-13,1
SIM-00075,2018-05-20,2
SIM-00075,2018-11-18,3
SIM-00075,2019-08-02,4
SIM-00076,2017-12-18,1
SIM-00076,2018-07-21,2
SIM-00076,2019-01-24,3
SIM-00076,2020-01-10,4
SIM-00077,2017-12-18,1
SIM-00077,2018-06-25,2
SIM-00077,2019-01-26,3
SIM-00077,2020-06-21,4
SIM-00078,2017-12-18,1
SIM-00078,2018-06-09,3
SIM-00079,2017-12-20,1
SIM-00079,2019-01-21,2
SIM-00079,2019-05-25,3
SIM-00079,2019-09-01,4
SIM-00080,2017-12-22,1
SIM-00080,2018-04-23,2
SIM-00080,2020-02-05,3
SIM-00080,2020-09-09,4
SIM-00081,2017-12-22,1
SIM-00081,2018-06-12,2
SIM-00081,2018-11-09,3
SIM-00081,2019-12-31,4
SIM-00082,2017-12-22,1
SIM-00082,2019-01-14,2
SIM-00082,2019-03-28,3
SIM-00082,2021-04-25,4
SIM-00083,2017-12-22,1
SIM-00083,2018-05-24,2
SIM-00083,2018-11-15,3
SIM-00083,2021-03-24,4
SIM-00084,2017-12-22,1
SIM-00084,2018-05-24,2
SIM-00084,2018-07-04,3
SIM-00084,2019-02-10,4
SIM-00085,2017-12-26,1
SIM-00085,2018-04-21,2
SIM-00085,2018-07-13,3
SIM-00085,2019-04-29,4
SIM-00086,2018-01-08,1
SIM-00086,2018-09-13,2
SIM-00086,2019-05-29,3
SIM-00086,2020-07-30,4
SIM-00087,2018-01-08,1
SIM-00087,2020-01-02,2
SIM-00087,2020-05-08,3
SIM-00087,2020-10-03,4
SIM-00088,2018-01-18,1
SIM-00088,2018-06-12,2
SIM-00088,2018-11-10,3
SIM-00088,2019-10-18,4
SIM-00089,2018-01-22,1
SIM-00089,2019-01-09,2
SIM-00089,2019-04-15,3
SIM-00089,2020-04-24,4
SIM-00090,2018-01-22,1
SIM-00090,2018-10-07,3
SIM-00090,2019-10-18,4
SIM-00091,2018-01-27,1
SIM-00091,2019-05-19,2
SIM-00091,2019-12-11,3
SIM-00091,2020-04-22,4
SIM-00092,2018-01-29,1
SIM-00092,2019-01-11,2
SIM-00092,2019-03-12,3
SIM-00092,2020-04-03,4
SIM-00093,2018-01-29,1
SIM-00093,2018-10-12,2
SIM-00093,2018-11-19,3
SIM-00093,2019-07-18,4
SIM-00094,2018-01-29,1
SIM-00094,2018-10-10,2
SIM-00094,2019-05-26,0
SIM-00095,2018-01-29,1
SIM-00095,2018-06-10,3
SIM-00095,2019-09-27,4
SIM-00096,2018-01-31,1
SIM-00096,2018-03-23,3
SIM-00097,2018-01-31,1
SIM-00097,2018-10-11,3
SIM-00097,2019-12-31,4
SIM-00098,2018-01-31,1
SIM-00098,2019-01-13,2
SIM-00098,2019-04-22,3
SIM-00098,2019-12-16,4
SIM-00099,2018-02-09,1
SIM-00099,2018-06-22,2
SIM-00099,2018-10-06,3
SIM-00099,2020-11-15,4
SIM-00100,2018-02-23,1
SIM-00100,2019-09-28,2
SIM-00100,2020-01-23,3
SIM-00100,2020-10-12,4
SIM-00101,2018-02-23,1
SIM-00101,2018-05-21,2
SIM-00101,2019-01-05,3
SIM-00101,2020-06-11,4
SIM-00102,2018-02-23,1
SIM-00102,2018-08-09,2
SIM-00102,2019-04-09,3
SIM-00102,2019-08-07,4
SIM-00103,2018-03-06,1
SIM-00103,2018-08-13,2
SIM-00103,2018-12-31,3
SIM-00104,2018-03-09,1
SIM-00104,2019-01-23,3
SIM-00104,2019-07-11,4
SIM-00105,2018-03-14,1
SIM-00105,2018-08-29,2
SIM-00105,2019-02-02,3
SIM-00105,2019-10-17,4
SIM-00106,2018-03-26,1
SIM-00106,2018-05-19,2
SIM-00106,2018-09-03,3
SIM-00106,2020-03-07,4
SIM-00107,2018-03-28,1
SIM-00107,2018-06-08,2
SIM-00107,2018-12-29,3
SIM-00107,2020-03-01,4
SIM-00108,2018-04-01,1
SIM-00108,2018-10-08,2
SIM-00108,2019-06-09,3
SIM-00108,2020-01-19,4
SIM-00109,2018-04-13,1
SIM-00109,2018-09-14,2
SIM-00109,2019-06-12,3
SIM-00109,2020-02-02,4
SIM-00110,2018-05-02,1
SIM-00110,2018-10-28,2
SIM-00110,2018-11-18,3
SIM-00110,2019-05-19,4
SIM-00111,2018-05-08,1
SIM-00111,2018-08-20,3
SIM-00112,2018-05-11,1
SIM-00112,2018-11-06,2
SIM-00112,2019-04-08,3
SIM-00113,2018-05-15,1
SIM-00113,2018-08-27,2
SIM-00113,2019-01-09,3
SIM-00113,2019-12-01,4
SIM-00114,2018-05-22,1
SIM-00114,2018-12-21,2
SIM-00114,2019-02-17,3
SIM-00115,2018-05-28,1
SIM-00115,2018-11-09,2
SIM-00115,2019-04-07,3
SIM-00115,2019-05-27,4
SIM-00116,2018-06-01,1
SIM-00116,2019-11-20,2
SIM-00116,2020-08-13,3
SIM-00116,2020-12-28,4
SIM-00117,2018-06-01,1
SIM-00117,2019-04-09,2
SIM-00117,2019-10-20,3
SIM-00117,2021-04-21,4
SIM-00118,2018-06-01,1
SIM-00118,2018-06-30,3
SIM-00119,2018-06-04,1
SIM-00119,2018-09-06,2
SIM-00119,2019-02-24,3
SIM-00120,2018-06-26,1
SIM-00120,2019-04-28,2
SIM-00120,2019-07-15,3
SIM-00121,2018-07-09,1
SIM-00121,2018-10-12,2
SIM-00121,2020-02-01,3
SIM-00122,2018-07-11,1
SIM-00122,2019-07-24,2
SIM-00122,2020-02-26,3
SIM-00122,2021-07-13,4
SIM-00123,2018-07-19,1
SIM-00123,2019-04-17,3
SIM-00124,2018-07-31,1
SIM-00124,2018-12-18,3
SIM-00124,2021-06-20,4
SIM-00125,2018-09-03,1
SIM-00125,2019-05-18,0
SIM-00126,2018-10-10,1
SIM-00126,2019-06-15,2
SIM-00126,2020-01-12,3
SIM-00127,2018-10-26,1
SIM-00127,2019-05-21,2
SIM-00127,2020-09-12,3
SIM-00127,2021-08-10,4
SIM-00128,2018-10-31,1
SIM-00128,2019-05-04,2
SIM-00128,2019-09-24,3
SIM-00129,2018-11-05,1
SIM-00129,2019-09-06,2
SIM-00129,2019-10-09,3
SIM-00129,2021-06-25,4
SIM-00130,2018-12-04,1
SIM-00130,2019-07-13,2
SIM-00130,2019-09-17,3
SIM-00131,2018-12-04,1
SIM-00131,2020-04-05,2
SIM-00131,2020-08-28,3
SIM-00131,2021-05-16,4
SIM-00132,2018-12-04,1
SIM-00132,2019-04-21,3
SIM-00133,2018-12-10,1
SIM-00133,2019-04-21,2
SIM-00133,2019-08-16,3
SIM-00133,2020-09-17,4
SIM-00134,2018-12-13,1
SIM-00134,2020-05-26,2
SIM-00134,2020-12-12,3
SIM-00134,2021-02-07,4
SIM-00135,2018-12-15,1
SIM-00135,2019-07-22,2
SIM-00135,2020-07-05,3
SIM-00136,2018-12-15,1
SIM-00136,2020-07-04,2
SIM-00136,2020-11-01,3
SIM-00136,2021-04-16,4
SIM-00137,2018-12-15,1
SIM-00137,2020-10-01,2
SIM-00137,2022-02-21,3
SIM-00137,2024-09-27,4
SIM-00138,2018-12-22,1
SIM-00138,2019-09-25,2
SIM-00138,2020-07-03,3
SIM-00138,2022-03-11,4
SIM-00139,2018-12-22,1
SIM-00139,2020-01-17,2
SIM-00139,2020-07-29,3
SIM-00139,2021-09-17,4
SIM-00140,2018-12-22,1
SIM-00140,2019-11-24,2
SIM-00140,2020-01-10,3
SIM-00140,2020-12-24,4
SIM-00141,2018-12-22,1
SIM-00141,2019-03-02,2
SIM-00141,2019-06-11,3
SIM-00141,2020-07-14,4
SIM-00142,2018-12-23,1
SIM-00142,2019-08-04,2
SIM-00142,2019-09-01,3
SIM-00142,2020-06-08,4
SIM-00143,2018-12-23,1
SIM-00143,2019-09-01,2
SIM-00143,2019-11-04,3
SIM-00143,2020-03-23,4
SIM-00144,2018-12-23,1
SIM-00144,2019-05-27,2
SIM-00144,2019-07-02,3
SIM-00144,2020-02-05,4
SIM-00145,2018-12-26,1
SIM-00145,2019-06-14,2
SIM-00145,2019-09-16,3
SIM-00145,2020-12-14,4
SIM-00146,2018-12-27,1
SIM-00146,2019-08-15,2
SIM-00146,2020-10-18,3
SIM-00146,2023-10-31,4
SIM-00147,2018-12-27,1
SIM-00147,2019-08-10,3
SIM-00147,2020-02-13,4
SIM-00148,2018-12-30,1
SIM-00148,2019-05-12,2
SIM-00148,2020-04-14,3
SIM-00148,2020-09-18,4
SIM-00149,2018-12-31,1
SIM-00150,2019-01-09,1
SIM-00150,2019-02-20,2
SIM-00150,2019-05-11,3
SIM-00150,2019-12-12,4
SIM-00151,2019-01-21,1
SIM-00151,2019-07-29,2
SIM-00151,2019-12-10,3
SIM-00151,2020-11-05,4
SIM-00152,2019-02-08,1
SIM-00152,2020-09-24,2
SIM-00152,2021-05-21,3
SIM-00152,2022-03-27,4
SIM-00153,2019-02-08,1
SIM-00153,2019-10-15,3
SIM-00153,2021-01-16,4
SIM-00154,2019-02-20,1
SIM-00154,2019-08-03,2
SIM-00154,2020-03-08,3
SIM-00155,2019-02-20,1
SIM-00155,2019-06-23,2
SIM-00155,2019-10-11,3
SIM-00155,2020-09-04,4
SIM-00156,2019-03-12,1
SIM-00156,2019-11-02,2
SIM-00156,2020-03-28,3
SIM-00156,2020-07-17,4
SIM-00157,2019-03-20,1
SIM-00157,2020-04-18,3
SIM-00158,2019-03-25,1
SIM-00158,2019-10-09,2
SIM-00158,2020-06-08,3
SIM-00158,2020-11-02,4
SIM-00159,2019-04-24,1
SIM-00159,2019-06-29,2
SIM-00159,2020-02-04,3
SIM-00159,2021-02-24,4
SIM-00160,2019-04-24,1
SIM-00160,2020-03-18,2
SIM-00160,2020-10-05,3
SIM-00160,2022-02-10,4
SIM-00161,2019-05-01,1
SIM-00161,2020-05-17,2
SIM-00161,2021-09-08,3
SIM-00162,2019-05-15,1
SIM-00162,2020-02-13,2
SIM-00162,2020-08-05,3
SIM-00163,2019-05-27,1
SIM-00163,2019-12-18,2
SIM-00163,2020-04-12,3
SIM-00163,2021-03-08,4
SIM-00164,2019-06-27,1
SIM-00164,2019-12-06,2
SIM-00164,2020-07-01,3
SIM-00165,2019-07-22,1
SIM-00165,2019-12-16,2
SIM-00165,2020-02-22,3
SIM-00166,2019-08-07,1
SIM-00166,2020-01-29,2
SIM-00166,2020-09-29,3
SIM-00166,2021-11-12,4
SIM-00167,2019-09-09,1
SIM-00167,2019-10-10,2
SIM-00167,2020-03-17,3
SIM-00167,2022-02-14,4
SIM-00168,2019-10-03,1
SIM-00168,2020-07-28,2
SIM-00168,2021-01-03,3
SIM-00168,2021-08-09,4
SIM-00169,2019-10-04,1
SIM-00169,2020-01-12,2
SIM-00169,2020-09-24,3
SIM-00169,2021-03-28,4
SIM-00170,2019-10-09,1
SIM-00170,2020-08-15,2
SIM-00170,2021-03-19,3
SIM-00170,2021-12-29,4
SIM-00171,2019-10-17,1
SIM-00171,2019-12-24,2
SIM-00171,2020-06-19,3
SIM-00171,2021-06-12,4
SIM-00172,2019-10-24,1
SIM-00172,2021-04-11,2
SIM-00172,2022-03-10,3
SIM-00172,2023-01-20,4
SIM-00173,2019-10-24,1
SIM-00173,2021-04-08,2
SIM-00173,2021-08-24,3
SIM-00174,2019-10-24,1
SIM-00174,2019-12-18,2
SIM-00174,2020-06-22,3
SIM-00175,2019-10-24,1
SIM-00175,2020-03-09,2
SIM-00175,2020-09-15,3
SIM-00176,2019-10-25,1
SIM-00176,2020-06-05,2
SIM-00176,2020-09-30,3
SIM-00176,2021-01-03,4
SIM-00177,2019-10-31,1
SIM-00177,2020-03-15,2
SIM-00177,2020-12-12,3
SIM-00177,2021-10-22,4
SIM-00178,2019-11-08,1
SIM-00178,2020-12-18,2
SIM-00178,2021-11-16,3
SIM-00178,2023-03-22,4
SIM-00179,2019-11-08,1
SIM-00179,2020-10-17,2
SIM-00179,2021-01-10,3
SIM-00179,2022-08-03,4
SIM-00180,2019-11-08,1
SIM-00180,2020-01-31,2
SIM-00180,2020-07-21,3
SIM-00180,2022-05-30,4
SIM-00181,2019-11-08,1
SIM-00181,2020-02-13,2
SIM-00181,2020-07-22,3
SIM-00181,2021-04-26,4
SIM-00182,2019-11-08,1
SIM-00182,2021-08-03,2
SIM-00182,2021-12-14,3
SIM-00182,2022-05-29,4
SIM-00183,2019-11-08,1
SIM-00183,2021-04-05,2
SIM-00183,2022-04-05,3
SIM-00183,2023-03-09,4
SIM-00184,2019-11-08,1
SIM-00184,2021-07-16,2
SIM-00184,2021-08-11,3
SIM-00184,2022-07-10,4
SIM-00185,2019-11-22,1
SIM-00185,2020-05-01,3
SIM-00185,2022-01-29,4
SIM-00186,2019-11-22,1
SIM-00186,2020-08-08,2
SIM-00186,2021-04-21,3
SIM-00186,2022-03-17,4
SIM-00187,2019-11-22,1
SIM-00187,2020-01-26,2
SIM-00187,2020-05-26,3
SIM-00187,2020-09-01,4
SIM-00188,2019-11-22,1
SIM-00188,2022-04-28,2
SIM-00188,2022-08-23,3
SIM-00188,2023-01-04,4
SIM-00189,2019-11-22,1
SIM-00189,2020-02-26,2
SIM-00189,2020-04-06,3
SIM-00189,2021-04-06,4
SIM-00190,2019-11-22,1
SIM-00190,2020-02-02,2
SIM-00190,2020-04-26,3
SIM-00191,2019-11-22,1
SIM-00191,2020-01-29,3
SIM-00192,2019-11-28,1
SIM-00192,2020-10-18,2
SIM-00192,2021-12-09,3
SIM-00192,2022-09-09,4
SIM-00193,2019-12-02,1
SIM-00193,2021-10-30,2
SIM-00193,2022-01-14,3
SIM-00194,2019-12-02,1
SIM-00194,2020-02-12,3
SIM-00194,2021-04-25,4
SIM-00195,2019-12-06,1
SIM-00195,2020-04-11,2
SIM-00195,2020-06-29,3
SIM-00195,2021-08-07,4
SIM-00196,2019-12-06,1
SIM-00196,2020-06-10,2
SIM-00196,2020-06-24,3
SIM-00196,2020-09-07,4
SIM-00197,2019-12-06,1
SIM-00197,2021-04-17,2
SIM-00197,2022-04-17,3
SIM-00197,2023-10-20,4
SIM-00198,2019-12-13,1
SIM-00198,2020-11-27,2
SIM-00198,2021-07-19,3
SIM-00198,2022-02-23,4
SIM-00199,2019-12-18,1
SIM-00199,2020-08-02,2
SIM-00199,2020-10-26,3
SIM-00199,2022-02-21,4
SIM-00200,2019-12-18,1
SIM-00200,2021-04-16,3
SIM-00200,2023-10-18,4
SIM-00201,2019-12-18,1
SIM-00201,2020-07-30,2
SIM-00201,2020-08-31,3
SIM-00201,2020-12-02,4
SIM-00202,2019-12-18,1
SIM-00202,2020-04-11,2
SIM-00202,2020-07-10,3
SIM-00202,2022-01-09,4
SIM-00203,2019-12-18,1
SIM-00203,2020-05-15,3
SIM-00203,2021-05-03,4
SIM-00204,2019-12-18,1
SIM-00204,2020-07-12,2
SIM-00204,2020-10-02,3
SIM-00205,2019-12-18,1
SIM-00205,2020-11-03,2
SIM-00205,2021-12-07,3
SIM-00205,2023-02-05,4
SIM-00206,2019-12-18,1
SIM-00206,2020-05-01,3
SIM-00206,2021-06-27,4
SIM-00207,2019-12-24,1
SIM-00207,2020-01-24,2
SIM-00207,2020-10-22,3
SIM-00208,2019-12-24,1
SIM-00208,2020-03-04,2
SIM-00208,2021-08-19,3
SIM-00209,2019-12-24,1
SIM-00209,2020-05-26,2
SIM-00209,2020-06-18,3
SIM-00209,2022-01-11,4
SIM-00210,2019-12-24,1
SIM-00210,2020-03-16,2
SIM-00210,2020-08-29,3
SIM-00210,2022-02-21,4
SIM-00211,2019-12-24,1
SIM-00211,2020-03-29,2
SIM-00211,2020-04-11,3
SIM-00211,2020-08-19,4
SIM-00212,2019-12-24,1
SIM-00212,2020-10-03,2
SIM-00212,2022-02-05,3
SIM-00212,2023-04-07,4
SIM-00213,2019-12-24,1
SIM-00213,2020-04-20,2
SIM-00213,2020-09-24,3
SIM-00213,2021-10-15,4
SIM-00214,2019-12-24,1
SIM-00214,2020-02-18,2
SIM-00214,2020-11-07,3
SIM-00214,2021-03-30,4
SIM-00215,2019-12-25,1
SIM-00215,2020-10-05,2
SIM-00215,2021-05-14,3
SIM-00215,2025-06-25,4
SIM-00216,2019-12-29,1
SIM-00216,2020-10-12,2
SIM-00216,2021-01-26,3
SIM-00216,2024-06-29,4
SIM-00217,2019-12-29,1
SIM-00217,2021-01-25,2
SIM-00217,2021-06-06,3
SIM-00217,2021-10-02,4
SIM-00218,2019-12-29,1
SIM-00218,2021-11-09,3
SIM-00218,2022-07-17,4
SIM-00219,2019-12-30,1
SIM-00219,2020-06-25,2
SIM-00219,2021-04-14,3
SIM-00219,2022-11-13,4
SIM-00220,2019-12-31,1
SIM-00220,2020-03-26,2
SIM-00220,2021-03-17,3
SIM-00220,2022-05-25,4
SIM-00221,2019-12-31,1
SIM-00221,2020-10-02,2
SIM-00221,2021-04-01,3
SIM-00221,2023-06-29,4
SIM-00222,2019-12-31,1
SIM-00222,2020-06-17,2
SIM-00222,2020-07-21,3
SIM-00222,2022-07-14,4
SIM-00223,2019-12-31,1
SIM-00223,2020-04-13,2
SIM-00223,2021-05-23,3
SIM-00223,2022-08-16,4
SIM-00224,2019-12-31,1
SIM-00224,2020-11-18,2
SIM-00224,2021-07-13,3
SIM-00224,2023-06-10,4
SIM-00225,2019-12-31,1
SIM-00225,2020-05-27,2
SIM-00225,2021-02-07,3
SIM-00225,2022-06-30,4
SIM-00226,2019-12-31,1
SIM-00226,2020-06-04,2
SIM-00226,2020-07-15,3
SIM-00226,2022-08-27,4
SIM-00227,2019-12-31,1
SIM-00227,2021-02-15,2
SIM-00227,2021-07-28,3
SIM-00227,2022-05-07,4
SIM-00228,2020-01-20,1
SIM-00228,2020-09-20,2
SIM-00228,2021-06-24,3
SIM-00228,2022-11-15,4
SIM-00229,2020-02-07,1
SIM-00229,2020-05-19,2
SIM-00229,2020-06-26,3
SIM-00229,2021-05-03,4
SIM-00230,2020-02-15,1
SIM-00230,2020-05-02,2
SIM-00230,2020-08-05,0
SIM-00231,2020-03-02,1
SIM-00231,2021-08-14,2
SIM-00231,2022-02-26,3
SIM-00232,2020-03-16,1
SIM-00232,2020-09-03,2
SIM-00232,2021-01-06,3
SIM-00233,2020-04-29,1
SIM-00233,2020-10-05,2
SIM-00233,2021-03-01,3
SIM-00234,2020-05-18,1
SIM-00234,2022-02-15,2
SIM-00234,2022-12-14,3
SIM-00235,2020-05-18,1
SIM-00235,2021-03-09,2
SIM-00235,2021-08-20,3
SIM-00236,2020-06-09,1
SIM-00236,2020-08-13,2
SIM-00236,2021-02-02,3
SIM-00237,2020-06-24,1
SIM-00237,2020-12-31,2
SIM-00237,2021-02-15,3
SIM-00237,2023-08-30,4
SIM-00238,2020-06-24,1
SIM-00238,2021-02-12,2
SIM-00238,2021-11-08,3
SIM-00239,2020-06-24,1
SIM-00239,2020-08-31,2
SIM-00239,2021-02-28,3
SIM-00240,2020-08-07,1
SIM-00240,2020-12-18,2
SIM-00240,2021-04-19,3
SIM-00240,2022-06-04,4
SIM-00241,2020-08-21,1
SIM-00241,2020-11-11,2
SIM-00241,2021-02-17,3
SIM-00242,2020-09-03,1
SIM-00242,2021-03-05,2
SIM-00242,2021-03-29,3
SIM-00242,2024-03-07,4
SIM-00243,2020-09-09,1
SIM-00243,2021-07-18,2
SIM-00243,2021-08-14,3
SIM-00243,2022-08-30,4
SIM-00244,2020-09-29,1
SIM-00244,2021-03-18,2
SIM-00244,2021-05-12,3
SIM-00244,2022-02-14,4
SIM-00245,2020-10-23,1
SIM-00245,2021-12-30,2
SIM-00245,2022-05-20,3
SIM-00246,2020-10-30,1
SIM-00246,2021-09-08,2
SIM-00246,2022-07-10,3
SIM-00246,2025-06-24,4
SIM-00247,2020-10-30,1
SIM-00247,2022-05-06,2
SIM-00247,2023-02-10,3
SIM-00247,2023-12-13,4
SIM-00248,2020-11-10,1
SIM-00248,2020-12-26,2
SIM-00248,2021-08-16,3
SIM-00248,2021-11-17,4
SIM-00249,2020-11-13,1
SIM-00249,2021-04-25,2
SIM-00249,2021-08-01,3
SIM-00250,2020-11-13,1
SIM-00250,2021-11-16,2
SIM-00250,2022-03-14,3
SIM-00250,2022-09-07,4
SIM-00251,2020-11-13,1
SIM-00251,2021-03-24,2
SIM-00251,2021-09-19,3
SIM-00251,2021-12-19,4
SIM-00252,2020-11-27,1
SIM-00252,2021-08-26,2
SIM-00252,2021-10-11,3
SIM-00252,2022-09-12,4
SIM-00253,2020-11-27,1
SIM-00253,2021-08-27,2
SIM-00253,2022-01-16,3
SIM-00253,2022-07-29,4
SIM-00254,2020-11-27,1
SIM-00255,2020-11-27,1
SIM-00255,2020-12-24,2
SIM-00255,2021-03-06,3
SIM-00255,2021-06-23,4
SIM-00256,2020-12-03,1
SIM-00256,2021-04-03,2
SIM-00256,2021-11-07,3
SIM-00256,2022-11-30,4
SIM-00257,2020-12-03,1
SIM-00257,2021-06-27,2
SIM-00257,2022-06-22,3
SIM-00257,2023-03-12,4
SIM-00258,2020-12-03,1
SIM-00258,2021-08-06,2
SIM-00258,2021-12-03,3
SIM-00258,2022-09-04,4
SIM-00259,2020-12-03,1
SIM-00259,2021-04-09,2
SIM-00259,2021-10-26,3
SIM-00259,2023-02-23,4
SIM-00260,2020-12-15,1
SIM-00260,2022-03-17,2
SIM-00260,2023-02-13,3
SIM-00260,2025-07-04,4
SIM-00261,2020-12-15,1
SIM-00261,2021-03-04,2
SIM-00261,2021-08-28,3
SIM-00261,2022-10-02,4
SIM-00262,2020-12-15,1
SIM-00262,2022-01-25,2
SIM-00262,2022-06-11,3
SIM-00262,2023-09-16,4
SIM-00263,2020-12-15,1
SIM-00263,2021-11-13,2
SIM-00263,2022-04-28,3
SIM-00263,2024-03-20,4
SIM-00264,2020-12-15,1
SIM-00264,2021-05-10,2
SIM-00264,2021-12-27,3
SIM-00264,2022-10-01,4
SIM-00265,2020-12-21,1
SIM-00265,2021-02-06,2
SIM-00265,2021-07-31,3
SIM-00265,2021-12-18,4
SIM-00266,2020-12-21,1
SIM-00266,2022-03-28,2
SIM-00266,2022-10-01,3
SIM-00266,2023-11-05,4
SIM-00267,2020-12-21,1
SIM-00267,2021-02-14,0
SIM-00268,2020-12-29,1
SIM-00268,2021-06-28,2
SIM-00268,2022-04-30,3
SIM-00268,2022-11-06,4
SIM-00269,2020-12-29,1
SIM-00269,2021-04-02,2
SIM-00269,2022-03-20,3
SIM-00270,2020-12-29,1
SIM-00270,2021-05-20,2
SIM-00270,2021-10-11,3
SIM-00270,2022-05-21,4
SIM-00271,2020-12-29,1
SIM-00271,2021-03-07,2
SIM-00271,2021-09-04,3
SIM-00271,2022-11-13,4
SIM-00272,2020-12-29,1
SIM-00272,2021-02-15,2
SIM-00272,2021-04-19,3
SIM-00272,2022-04-18,4
SIM-00273,2020-12-29,1
SIM-00273,2022-11-07,2
SIM-00273,2023-05-18,3
SIM-00274,2020-12-30,1
SIM-00274,2021-05-16,2
SIM-00274,2022-01-18,3
SIM-00274,2022-06-17,4
SIM-00275,2020-12-30,1
SIM-00275,2021-05-22,2
SIM-00275,2021-07-13,3
SIM-00276,2020-12-31,1
SIM-00276,2021-05-08,2
SIM-00276,2022-04-05,3
SIM-00276,2022-09-12,4
SIM-00277,2020-12-31,1
SIM-00277,2021-08-08,2
SIM-00277,2022-01-11,3
SIM-00277,2022-04-25,4
SIM-00278,2021-01-12,1
SIM-00278,2021-03-22,2
SIM-00278,2021-06-13,3
SIM-00279,2021-01-18,1
SIM-00279,2022-07-14,2
SIM-00279,2022-09-05,3
SIM-00280,2021-01-21,1
SIM-00280,2021-06-08,2
SIM-00280,2021-09-25,3
SIM-00280,2022-03-27,4
SIM-00281,2021-01-28,1
SIM-00281,2021-06-16,2
SIM-00281,2022-02-16,3
SIM-00281,2025-06-25,4
SIM-00282,2021-01-28,1
SIM-00282,2021-04-20,2
SIM-00282,2021-07-27,3
SIM-00283,2021-01-28,1
SIM-00283,2021-08-09,2
SIM-00283,2022-05-16,3
SIM-00283,2026-09-03,4
SIM-00284,2021-01-29,1
SIM-00284,2021-06-30,2
SIM-00284,2021-08-23,3
SIM-00285,2021-03-05,1
SIM-00285,2021-11-24,2
SIM-00285,2022-05-28,3
SIM-00286,2021-03-17,1
SIM-00286,2022-03-20,2
SIM-00286,2022-11-29,3
SIM-00287,2021-03-17,1
SIM-00287,2021-05-11,2
SIM-00287,2022-03-18,3
SIM-00287,2023-02-09,4
SIM-00288,2021-03-17,1
SIM-00288,2021-04-29,2
SIM-00288,2021-09-01,3
SIM-00288,2022-04-06,4
SIM-00289,2021-04-22,1
SIM-00289,2022-02-07,2
SIM-00289,2022-06-04,3
SIM-00290,2021-05-12,1
SIM-00290,2022-03-06,2
SIM-00290,2022-08-17,3
SIM-00290,2022-10-22,4
SIM-00291,2021-05-12,1
SIM-00291,2021-12-11,2
SIM-00291,2022-04-02,3
SIM-00292,2021-05-21,1
SIM-00292,2022-03-16,2
SIM-00292,2023-03-02,3
SIM-00293,2021-05-21,1
SIM-00293,2022-04-24,2
SIM-00293,2022-09-06,3
SIM-00293,2023-08-15,4
SIM-00294,2021-06-01,1
SIM-00294,2022-04-15,2
SIM-00294,2022-10-18,3
SIM-00294,2025-01-16,4
SIM-00295,2021-06-22,1
SIM-00295,2022-01-24,2
SIM-00295,2022-03-09,3
SIM-00296,2021-06-22,1
SIM-00296,2022-01-28,2
SIM-00296,2022-05-27,3
SIM-00297,2021-06-29,1
SIM-00297,2022-03-09,2
SIM-00297,2022-11-16,3
SIM-00297,2023-05-31,4
SIM-00298,2021-06-29,1
SIM-00298,2022-04-07,2
SIM-00298,2022-12-12,3
SIM-00298,2025-02-11,4
SIM-00299,2021-06-29,1
SIM-00299,2022-02-24,2
SIM-00299,2022-11-04,3
SIM-00300,2021-07-29,1
SIM-00300,2022-08-15,2
SIM-00300,2022-11-22,3
SIM-00301,2021-07-29,1
SIM-00301,2021-09-11,2
SIM-00301,2023-01-07,3
SIM-00301,2023-04-05,4
SIM-00302,2021-07-29,1
SIM-00302,2021-12-28,2
SIM-00302,2022-01-23,3
SIM-00303,2021-08-05,1
SIM-00303,2022-04-09,2
SIM-00303,2022-11-27,3
SIM-00304,2021-08-19,1
SIM-00304,2021-11-12,2
SIM-00304,2022-03-23,3
SIM-00305,2021-09-02,1
SIM-00305,2022-06-22,2
SIM-00305,2022-08-27,3
SIM-00305,2024-06-11,4
SIM-00306,2021-09-02,1
SIM-00306,2022-07-26,3
SIM-00307,2021-09-07,1
SIM-00307,2022-05-03,3
SIM-00308,2021-10-05,1
SIM-00308,2022-01-29,2
SIM-00308,2022-09-19,3
SIM-00309,2021-10-13,1
SIM-00309,2022-12-06,2
SIM-00309,2023-01-20,3
SIM-00310,2021-10-25,1
SIM-00310,2021-12-04,2
SIM-00310,2022-05-06,3
SIM-00311,2021-10-29,1
SIM-00311,2022-02-01,2
SIM-00311,2022-10-21,3
SIM-00312,2021-11-02,1
SIM-00312,2022-02-18,2
SIM-00312,2022-04-10,3
SIM-00312,2023-02-26,4
SIM-00313,2021-11-03,1
SIM-00313,2022-02-25,2
SIM-00313,2022-08-15,3
SIM-00314,2021-11-03,1
SIM-00314,2022-04-13,2
SIM-00314,2022-07-10,3
SIM-00315,2021-11-03,1
SIM-00315,2023-10-16,3
SIM-00315,2024-11-09,4
SIM-00316,2021-11-22,1
SIM-00316,2022-07-30,2
SIM-00316,2023-05-18,3
SIM-00317,2021-11-22,1
SIM-00317,2022-04-08,2
SIM-00317,2022-07-14,3
SIM-00318,2021-11-22,1
SIM-00318,2022-03-23,2
SIM-00318,2022-09-28,3
SIM-00319,2021-12-03,1
SIM-00319,2022-12-03,2
SIM-00319,2023-04-09,3
SIM-00319,2025-10-17,4
SIM-00320,2021-12-03,1
SIM-00320,2022-01-13,2
SIM-00320,2023-03-16,3
SIM-00321,2021-12-03,1
SIM-00321,2022-04-22,2
SIM-00321,2022-09-01,3
SIM-00322,2021-12-03,1
SIM-00322,2022-08-07,3
SIM-00323,2021-12-03,1
SIM-00323,2022-02-10,2
SIM-00323,2022-09-30,3
SIM-00324,2021-12-11,1
SIM-00324,2022-07-27,2
SIM-00324,2023-02-10,3
SIM-00324,2023-09-20,4
SIM-00325,2021-12-15,1
SIM-00325,2022-04-22,3
SIM-00326,2021-12-23,1
SIM-00326,2022-07-11,2
SIM-00326,2023-06-20,3
SIM-00326,2023-10-19,4
SIM-00327,2021-12-23,1
SIM-00327,2022-07-24,2
SIM-00327,2023-01-19,3
SIM-00327,2023-08-08,4
SIM-00328,2021-12-29,1
SIM-00328,2022-08-03,2
SIM-00328,2023-01-25,3
SIM-00329,2021-12-30,1
SIM-00329,2022-03-02,2
SIM-00329,2022-03-17,3
SIM-00330,2021-12-30,1
SIM-00330,2023-05-07,2
SIM-00330,2024-01-12,3
SIM-00331,2021-12-30,1
SIM-00331,2022-12-17,2
SIM-00331,2023-10-21,3
SIM-00331,2024-11-27,4
SIM-00332,2021-12-30,1
SIM-00332,2023-11-13,2
SIM-00332,2024-01-02,3
SIM-00333,2021-12-30,1
SIM-00333,2022-10-28,2
SIM-00333,2022-12-30,3
SIM-00334,2021-12-30,1
SIM-00334,2023-03-28,2
SIM-00334,2023-10-20,3
SIM-00335,2021-12-31,1
SIM-00335,2022-02-14,2
SIM-00335,2023-05-22,3
SIM-00336,2021-12-31,1
SIM-00336,2022-06-19,2
SIM-00336,2023-04-17,3
SIM-00337,2021-12-31,1
SIM-00337,2022-07-05,2
SIM-00337,2022-08-22,3
SIM-00337,2023-05-22,4
SIM-00338,2021-12-31,1
SIM-00338,2022-03-15,2
SIM-00338,2022-08-28,3
SIM-00338,2023-02-07,4
SIM-00339,2021-12-31,1
SIM-00340,2021-12-31,1
SIM-00340,2022-03-25,3
SIM-00341,2021-12-31,1
SIM-00341,2022-12-27,2
SIM-00341,2023-04-17,3
SIM-00342,2022-01-01,1
SIM-00342,2022-09-04,2
SIM-00342,2023-02-26,3
SIM-00343,2022-01-01,1
SIM-00343,2022-12-29,2
SIM-00343,2023-03-23,3
SIM-00344,2022-01-28,1
SIM-00344,2022-10-12,2
SIM-00344,2023-01-11,3
SIM-00345,2022-02-11,1
SIM-00345,2022-07-06,2
SIM-00345,2022-09-12,3
SIM-00346,2022-02-25,1
SIM-00346,2022-12-03,2
SIM-00346,2023-09-21,3
SIM-00347,2022-02-25,1
SIM-00347,2022-08-21,2
SIM-00347,2023-02-09,3
SIM-00348,2022-02-25,1
SIM-00348,2023-01-04,2
SIM-00348,2023-03-29,3
SIM-00349,2022-02-26,1
SIM-00349,2022-10-30,2
SIM-00349,2023-02-14,3
SIM-00350,2022-02-26,1
SIM-00350,2022-10-14,2
SIM-00350,2023-02-11,3
SIM-00351,2022-02-26,1
SIM-00351,2022-08-10,2
SIM-00351,2023-05-18,3
SIM-00352,2022-02-28,1
SIM-00352,2022-09-16,2
SIM-00352,2024-09-29,3
SIM-00353,2022-02-28,1
SIM-00353,2022-07-03,2
SIM-00353,2023-04-26,3
SIM-00353,2024-04-20,4
SIM-00354,2022-02-28,1
SIM-00354,2022-06-18,2
SIM-00354,2022-12-22,3
SIM-00354,2024-02-09,4
SIM-00355,2022-02-28,1
SIM-00355,2022-06-28,2
SIM-00355,2023-02-20,3
SIM-00355,2024-07-06,4
SIM-00356,2022-03-16,1
SIM-00356,2022-07-15,3
SIM-00357,2022-03-17,1
SIM-00357,2022-06-15,2
SIM-00357,2022-08-12,3
SIM-00358,2022-03-30,1
SIM-00358,2023-01-23,2
SIM-00358,2023-09-21,3
SIM-00358,2026-11-06,4
SIM-00359,2022-04-06,1
SIM-00359,2022-07-11,3
SIM-00359,2023-06-10,4
SIM-00360,2022-04-06,1
SIM-00360,2024-03-22,2
SIM-00360,2024-12-08,3
SIM-00361,2022-04-20,1
SIM-00361,2022-11-26,2
SIM-00361,2022-12-27,3
SIM-00362,2022-04-28,1
SIM-00362,2022-10-28,2
SIM-00362,2023-02-10,3
SIM-00363,2022-05-02,1
SIM-00363,2023-03-22,2
SIM-00363,2023-07-28,3
SIM-00364,2022-07-04,1
SIM-00364,2023-05-25,2
SIM-00364,2024-02-20,3
SIM-00364,2026-03-02,4
SIM-00365,2022-07-07,1
SIM-00365,2023-02-09,2
SIM-00365,2023-07-07,3
SIM-00366,2022-07-19,1
SIM-00366,2023-03-05,2
SIM-00366,2023-08-22,3
SIM-00366,2024-01-09,4
SIM-00367,2022-07-29,1
SIM-00367,2023-06-12,2
SIM-00367,2023-12-23,3
SIM-00368,2022-08-04,1
SIM-00368,2022-10-17,2
SIM-00368,2023-01-01,3
SIM-00369,2022-08-18,1
SIM-00369,2023-03-07,2
SIM-00369,2023-07-12,3
SIM-00370,2022-08-19,1
SIM-00370,2022-10-25,2
SIM-00370,2023-06-06,3
SIM-00371,2022-08-25,1
SIM-00371,2022-12-23,2
SIM-00371,2023-11-28,3
SIM-00372,2022-09-02,1
SIM-00372,2023-08-06,2
SIM-00372,2024-06-16,3
SIM-00373,2022-09-07,1
SIM-00373,2023-05-20,2
SIM-00373,2024-01-08,3
SIM-00374,2022-09-22,1
SIM-00374,2023-05-17,3
SIM-00375,2022-09-23,1
SIM-00375,2023-09-21,2
SIM-00375,2024-02-04,3
SIM-00376,2022-10-06,1
SIM-00376,2023-07-19,2
SIM-00376,2024-03-20,3
SIM-00377,2022-10-07,1
SIM-00377,2022-10-23,2
SIM-00377,2024-03-09,3
SIM-00378,2022-11-02,1
SIM-00378,2024-02-18,2
SIM-00378,2025-01-11,3
SIM-00379,2022-11-05,1
SIM-00379,2023-08-08,2
SIM-00379,2025-04-09,3
SIM-00380,2022-11-14,1
SIM-00380,2023-09-02,3
SIM-00381,2022-11-22,1
SIM-00381,2023-04-26,2
SIM-00381,2024-02-15,3
SIM-00382,2022-11-25,1
SIM-00382,2023-04-20,2
SIM-00382,2023-08-07,3
SIM-00383,2022-11-25,1
SIM-00384,2022-11-28,1
SIM-00384,2023-05-01,2
SIM-00384,2023-08-18,3
SIM-00385,2022-11-30,1
SIM-00385,2024-04-02,2
SIM-00385,2025-01-04,3
SIM-00386,2022-11-30,1
SIM-00386,2023-07-11,2
SIM-00386,2024-02-02,3
SIM-00387,2022-12-01,1
SIM-00387,2025-02-07,2
SIM-00387,2025-09-09,3
SIM-00388,2022-12-02,1
SIM-00388,2023-07-06,2
SIM-00388,2024-02-19,3
SIM-00389,2022-12-02,1
SIM-00389,2023-08-01,2
SIM-00389,2023-10-17,3
SIM-00390,2022-12-08,1
SIM-00390,2023-07-05,2
SIM-00390,2023-12-22,3
SIM-00391,2022-12-20,1
SIM-00392,2022-12-21,1
SIM-00392,2024-02-19,3
SIM-00393,2022-12-22,1
SIM-00393,2023-06-26,2
SIM-00393,2023-11-12,3
SIM-00393,2024-04-16,4
SIM-00394,2022-12-23,1
SIM-00394,2024-06-24,2
SIM-00394,2025-02-28,3
SIM-00395,2022-12-27,1
SIM-00395,2023-08-31,2
SIM-00395,2023-09-22,3
SIM-00396,2022-12-27,1
SIM-00396,2024-04-06,2
SIM-00396,2025-06-06,3
SIM-00397,2022-12-29,1
SIM-00397,2023-10-24,2
SIM-00397,2024-12-03,3
SIM-00398,2023-01-18,1
SIM-00398,2023-05-05,2
SIM-00398,2023-07-09,3
SIM-00399,2023-01-19,1
SIM-00399,2023-08-04,2
SIM-00400,2023-01-20,1
SIM-00400,2023-02-14,2
SIM-00400,2023-05-17,3
SIM-00401,2023-01-30,1
SIM-00401,2023-07-24,2
SIM-00401,2023-09-05,3
SIM-00402,2023-02-03,1
SIM-00402,2023-06-17,2
SIM-00402,2024-02-23,3
SIM-00403,2023-02-07,1
SIM-00403,2023-03-18,2
SIM-00403,2023-04-24,3
SIM-00404,2023-02-07,1
SIM-00404,2023-05-01,2
SIM-00404,2023-09-17,3
SIM-00405,2023-02-09,1
SIM-00405,2023-07-12,2
SIM-00405,2024-01-23,3
SIM-00406,2023-02-16,1
SIM-00406,2023-12-31,2
SIM-00406,2024-02-07,3
SIM-00407,2023-02-16,1
SIM-00407,2023-03-14,2
SIM-00407,2023-05-30,3
SIM-00408,2023-02-17,1
SIM-00408,2023-04-22,2
SIM-00408,2024-05-05,3
SIM-00409,2023-02-25,1
SIM-00409,2024-01-17,2
SIM-00409,2024-02-17,3
SIM-00410,2023-03-01,1
SIM-00410,2023-08-02,2
SIM-00410,2024-07-01,3
SIM-00411,2023-03-02,1
SIM-00411,2023-09-30,2
SIM-00411,2023-11-12,3
SIM-00412,2023-03-07,1
SIM-00412,2023-10-24,2
SIM-00412,2024-01-05,3
SIM-00413,2023-03-10,1
SIM-00413,2023-06-16,2
SIM-00413,2024-04-18,3
SIM-00414,2023-03-10,1
SIM-00414,2024-01-21,2
SIM-00414,2024-10-10,3
SIM-00415,2023-03-14,1
SIM-00416,2023-03-16,1
SIM-00416,2023-08-25,2
SIM-00416,2024-05-19,3
SIM-00417,2023-03-16,1
SIM-00417,2023-08-21,2
SIM-00417,2023-11-11,3
SIM-00418,2023-03-20,1
SIM-00418,2024-05-05,2
SIM-00418,2024-06-05,3
SIM-00419,2023-03-21,1
SIM-00420,2023-03-22,1
SIM-00420,2023-06-02,2
SIM-00420,2023-07-31,3
SIM-00421,2023-03-24,1
SIM-00421,2023-08-25,2
SIM-00421,2024-05-01,3
SIM-00422,2023-03-24,1
SIM-00422,2023-08-26,2
SIM-00422,2024-04-20,3
SIM-00423,2023-03-28,1
SIM-00423,2023-05-03,2
SIM-00423,2024-01-25,3
SIM-00424,2023-03-29,1
SIM-00424,2023-07-14,2
SIM-00424,2023-12-16,3
SIM-00425,2023-03-30,1
SIM-00425,2023-11-17,2
SIM-00425,2024-12-04,3
SIM-00426,2023-03-30,1
SIM-00426,2023-10-30,2
SIM-00426,2024-01-30,3
SIM-00427,2023-03-31,1
SIM-00427,2024-06-09,2
SIM-00427,2024-11-02,3
SIM-00428,2023-03-31,1
SIM-00429,2023-04-05,1
SIM-00429,2024-07-20,2
SIM-00429,2025-01-26,3
SIM-00430,2023-04-10,1
SIM-00430,2024-07-22,3
SIM-00431,2023-05-03,1
SIM-00431,2024-02-02,2
SIM-00431,2024-06-08,3
SIM-00432,2023-05-04,1
SIM-00432,2024-01-09,3
SIM-00433,2023-06-06,1
SIM-00433,2023-10-21,3
SIM-00434,2023-06-23,1
SIM-00434,2024-05-01,2
SIM-00434,2024-09-14,3
SIM-00435,2023-06-26,1
SIM-00436,2023-06-26,1
SIM-00436,2023-12-26,2
SIM-00437,2023-07-02,1
SIM-00437,2024-06-06,3
SIM-00438,2023-07-10,1
SIM-00438,2024-09-15,2
SIM-00438,2025-08-17,3
SIM-00439,2023-07-14,1
SIM-00439,2024-03-25,2
SIM-00440,2023-07-26,1
SIM-00440,2024-09-22,2
SIM-00440,2024-10-31,3
SIM-00441,2023-07-27,1
SIM-00441,2024-05-21,2
SIM-00441,2024-09-23,3
SIM-00442,2023-08-02,1
SIM-00442,2023-12-28,2
SIM-00442,2025-06-18,3
SIM-00443,2023-08-21,1
SIM-00443,2023-10-11,2
SIM-00443,2024-02-03,3
SIM-00444,2023-09-12,1
SIM-00444,2024-02-20,2
SIM-00444,2024-11-26,3
SIM-00445,2023-09-13,1
SIM-00445,2024-06-14,2
SIM-00445,2025-06-22,3
SIM-00446,2023-09-14,1
SIM-00446,2023-12-24,2
SIM-00446,2024-07-28,3
SIM-00447,2023-09-27,1
SIM-00447,2025-12-19,2
SIM-00447,2027-01-27,3
SIM-00448,2023-10-28,1
SIM-00449,2023-11-13,1
SIM-00449,2024-08-19,2
SIM-00449,2024-10-31,3
SIM-00450,2023-11-13,1
SIM-00450,2024-02-18,2
SIM-00450,2024-07-17,3
SIM-00451,2023-11-14,1
SIM-00451,2024-12-29,2
SIM-00451,2026-01-23,3
SIM-00452,2023-11-21,1
SIM-00452,2024-03-11,2
SIM-00452,2024-10-18,3
SIM-00453,2023-11-25,1
SIM-00453,2024-03-16,2
SIM-00453,2024-09-27,3
SIM-00454,2023-11-29,1
SIM-00454,2024-04-19,3
SIM-00455,2023-12-05,1
SIM-00456,2023-12-13,1
SIM-00456,2024-08-17,2
SIM-00456,2024-11-03,3
SIM-00457,2024-01-19,1
SIM-00457,2025-01-25,2
SIM-00457,2025-03-03,3
SIM-00458,2024-02-05,1
SIM-00458,2024-07-14,2
SIM-00458,2024-10-16,3
SIM-00459,2024-02-09,1
SIM-00459,2024-06-05,2
SIM-00459,2024-09-06,3
SIM-00460,2024-02-13,1
SIM-00460,2025-08-26,2
SIM-00461,2024-02-14,1
SIM-00461,2024-08-23,2
SIM-00461,2025-09-29,3
SIM-00462,2024-02-20,1
SIM-00463,2024-02-20,1
SIM-00463,2024-10-06,2
SIM-00463,2025-03-08,3
SIM-00464,2024-02-20,1
SIM-00464,2025-05-31,2
SIM-00464,2025-10-14,3
SIM-00465,2024-02-22,1
SIM-00465,2025-01-07,2
SIM-00465,2025-03-21,3
SIM-00466,2024-02-22,1
SIM-00466,2024-08-31,2
SIM-00466,2024-12-16,3
SIM-00467,2024-02-28,1
SIM-00467,2024-05-29,2
SIM-00467,2024-11-24,3
SIM-00468,2024-02-28,1
SIM-00468,2024-09-26,2
SIM-00468,2025-04-07,3
SIM-00469,2024-02-28,1
SIM-00469,2024-12-17,2
SIM-00469,2025-03-19,3
SIM-00470,2024-02-29,1
SIM-00470,2024-08-03,2
SIM-00470,2024-11-29,3
SIM-00471,2024-03-03,1
SIM-00471,2024-07-10,3
SIM-00472,2024-03-08,1
SIM-00472,2024-08-06,2
SIM-00472,2024-12-17,3
SIM-00473,2024-03-12,1
SIM-00473,2025-01-10,2
SIM-00473,2025-08-17,3
SIM-00474,2024-03-13,1
SIM-00474,2025-04-29,2
SIM-00474,2025-06-13,3
SIM-00475,2024-03-18,1
SIM-00475,2024-09-14,2
SIM-00475,2024-10-13,3
SIM-00476,2024-03-18,1
SIM-00476,2024-10-09,3
SIM-00477,2024-03-21,1
SIM-00477,2025-04-27,2
SIM-00477,2025-10-21,3
SIM-00478,2024-03-22,1
SIM-00478,2025-04-05,2
SIM-00478,2026-01-09,3
SIM-00479,2024-03-24,1
SIM-00479,2024-09-28,2
SIM-00479,2024-10-10,3
SIM-00480,2024-03-25,1
SIM-00480,2024-10-18,2
SIM-00480,2025-03-18,3
SIM-00481,2024-03-25,1
SIM-00481,2024-11-05,2
SIM-00481,2025-05-03,3
SIM-00482,2024-03-25,1
SIM-00482,2024-11-23,3
SIM-00483,2024-03-27,1
SIM-00483,2024-11-26,2
SIM-00483,2025-03-26,3
SIM-00484,2024-03-27,1
SIM-00484,2026-01-13,2
SIM-00484,2027-04-21,3
SIM-00485,2024-03-27,1
SIM-00485,2024-09-01,2
SIM-00485,2025-01-13,3
SIM-00486,2024-03-27,1
SIM-00486,2024-07-14,2
SIM-00486,2024-10-04,3
SIM-00487,2024-03-28,1
SIM-00487,2025-06-24,2
SIM-00487,2025-10-13,3
SIM-00488,2024-03-28,1
SIM-00488,2024-06-28,2
SIM-00488,2024-10-24,3
SIM-00489,2024-03-28,1
SIM-00489,2025-06-04,2
SIM-00489,2026-02-06,3
SIM-00490,2024-03-28,1
SIM-00490,2025-04-14,2
SIM-00490,2025-05-23,3
SIM-00491,2024-03-28,1
SIM-00491,2024-08-17,2
SIM-00491,2024-09-18,3
SIM-00492,2024-03-28,1
SIM-00492,2025-03-22,2
SIM-00492,2025-11-14,3
SIM-00493,2024-03-29,1
SIM-00493,2024-08-31,2
SIM-00493,2025-04-22,3
SIM-00494,2024-05-08,1
SIM-00494,2025-02-28,2
SIM-00495,2024-06-25,1
SIM-00495,2024-11-01,2
SIM-00495,2025-09-18,3
SIM-00496,2024-08-22,1
SIM-00496,2025-03-26,2
SIM-00496,2025-07-06,3
SIM-00497,2024-10-09,1
SIM-00497,2025-04-25,2
SIM-00497,2025-08-10,3
SIM-00498,2024-10-10,1
SIM-00498,2025-02-25,2
SIM-00498,2025-07-07,3
SIM-00499,2024-10-10,1
SIM-00499,2025-04-05,3
SIM-00500,2024-10-25,1
SIM-00500,2025-01-31,2
SIM-00500,2025-07-22,3
SIM-00501,2024-11-21,1
SIM-00501,2025-08-09,2
SIM-00501,2025-11-20,3
SIM-00502,2024-12-01,1
SIM-00502,2025-05-06,2
SIM-00502,2025-10-13,3
SIM-00503,2024-12-06,1
SIM-00503,2025-12-02,3
SIM-00504,2025-01-06,1
SIM-00504,2025-03-05,2
SIM-00504,2025-11-13,3
SIM-00505,2025-01-15,1
SIM-00505,2025-07-31,2
SIM-00505,2026-12-26,3
SIM-00506,2025-01-20,1
SIM-00506,2025-05-04,2
SIM-00506,2026-03-03,3
SIM-00507,2025-02-18,1
SIM-00507,2025-09-04,2
SIM-00507,2026-03-11,3
SIM-00508,2025-02-18,1
SIM-00508,2025-08-27,2
SIM-00508,2026-04-22,3
SIM-00509,2025-02-19,1
SIM-00509,2025-05-22,2
SIM-00509,2025-08-28,3
SIM-00510,2025-02-21,1
SIM-00510,2025-08-31,2
SIM-00510,2026-09-16,3
SIM-00511,2025-02-21,1
SIM-00511,2026-09-15,2
SIM-00511,2027-03-09,3
SIM-00512,2025-02-28,1
SIM-00512,2025-05-01,3
SIM-00513,2025-03-12,1
SIM-00513,2028-05-17,2
SIM-00513,2028-07-12,3
SIM-00514,2025-03-12,1
SIM-00514,2025-10-23,2
SIM-00514,2025-11-23,3
SIM-00515,2025-03-19,1
SIM-00515,2025-04-29,3
SIM-00516,2025-03-23,1
SIM-00516,2025-06-03,2
SIM-00516,2025-08-24,3
SIM-00517,2025-03-25,1
SIM-00517,2026-04-16,2
SIM-00517,2027-03-17,3
SIM-00518,2025-03-25,1
SIM-00518,2026-01-24,2
SIM-00518,2026-05-22,3
SIM-00519,2025-03-27,1
SIM-00520,2025-03-30,1
SIM-00520,2026-01-11,2
SIM-00520,2026-04-16,3
SIM-00521,2025-04-02,1
SIM-00521,2026-05-15,3
SIM-00522,2025-04-03,1
SIM-00522,2026-04-06,2
SIM-00522,2026-05-24,3
SIM-00523,2025-04-07,1
SIM-00523,2025-09-12,2
SIM-00523,2026-08-13,3
SIM-00524,2025-04-08,1
SIM-00524,2026-02-13,2
SIM-00524,2027-07-01,3
SIM-00525,2025-04-08,1
SIM-00526,2025-04-08,1
SIM-00526,2026-01-08,2
SIM-00526,2027-03-11,3
SIM-00527,2025-04-09,1
SIM-00527,2026-05-06,2
SIM-00527,2026-11-09,3
SIM-00528,2025-04-11,1
SIM-00528,2025-08-16,2
SIM-00528,2026-05-16,3
SIM-00529,2025-04-15,1
SIM-00529,2025-10-02,2
SIM-00529,2026-07-14,3
SIM-00530,2025-04-15,1
SIM-00530,2025-08-12,2
SIM-00530,2025-09-15,3
SIM-00531,2025-04-15,1
SIM-00531,2025-08-12,2
SIM-00531,2026-08-07,3
SIM-00532,2025-04-15,1
SIM-00532,2025-10-27,2
SIM-00532,2027-01-03,3
SIM-00533,2025-04-16,1
SIM-00533,2026-07-16,2
SIM-00533,2027-04-07,3
SIM-00534,2025-04-16,1
SIM-00534,2025-05-09,2
SIM-00534,2025-07-18,3
SIM-00535,2025-04-16,1
SIM-00535,2025-12-16,2
SIM-00535,2026-02-09,3
SIM-00536,2025-04-16,1
SIM-00536,2025-08-15,2
SIM-00536,2025-11-16,3
SIM-00537,2025-04-18,1
SIM-00537,2026-06-12,3
SIM-00538,2025-04-18,1
SIM-00538,2025-09-02,2
SIM-00538,2026-03-21,3
SIM-00539,2025-04-18,1
SIM-00539,2025-08-12,2
SIM-00539,2025-11-19,3
SIM-00540,2025-04-18,1
SIM-00540,2026-11-01,2
SIM-00540,2027-05-12,3
SIM-00541,2025-04-18,1
SIM-00541,2026-09-26,2
SIM-00541,2027-11-30,3
SIM-00542,2025-04-18,1
SIM-00542,2026-03-15,2
SIM-00542,2026-08-15,3
SIM-00543,2025-04-18,1
SIM-00544,2025-04-18,1
SIM-00544,2025-08-14,2
SIM-00544,2027-05-02,3
SIM-00545,2025-04-18,1
SIM-00545,2026-08-08,3
SIM-00546,2025-04-18,1
SIM-00546,2025-06-15,2
SIM-00546,2025-10-05,3
SIM-00547,2025-04-21,1
SIM-00547,2026-06-23,2
SIM-00548,2025-05-01,1
SIM-00548,2027-08-27,2
SIM-00548,2027-12-21,3
SIM-00549,2025-05-07,1
SIM-00549,2025-09-23,2
SIM-00549,2026-08-08,3
SIM-00550,2025-05-09,1
SIM-00550,2025-09-29,2
SIM-00550,2025-11-25,3
SIM-00551,2025-05-24,1
SIM-00551,2025-09-19,3
SIM-00552,2025-05-30,1
SIM-00552,2025-10-18,2
SIM-00552,2025-12-08,3
SIM-00553,2025-05-30,1
SIM-00553,2025-12-15,2
SIM-00553,2026-02-10,3
SIM-00554,2025-05-30,1
SIM-00554,2026-03-26,2
SIM-00554,2026-08-22,3
SIM-00555,2025-05-30,1
SIM-00555,2025-12-20,2
SIM-00556,2025-05-30,1
SIM-00556,2025-09-13,2
SIM-00556,2026-03-16,3
SIM-00557,2025-05-30,1
SIM-00557,2026-04-02,2
SIM-00557,2027-04-30,3
SIM-00558,2026-01-20,1
SIM-00558,2026-05-02,2
